{"v":4,"entries":{"components-badge--docs":{"id":"components-badge--docs","title":"Components/Badge","name":"Docs","importPath":"./stories/Badge.stories.tsx","type":"docs","tags":["autodocs","docs"],"storiesImports":[]},"components-badge--primary":{"type":"story","id":"components-badge--primary","name":"Primary","title":"Components/Badge","importPath":"./stories/Badge.stories.tsx","tags":["autodocs","story"]},"components-badge--secondary":{"type":"story","id":"components-badge--secondary","name":"Secondary","title":"Components/Badge","importPath":"./stories/Badge.stories.tsx","tags":["autodocs","story"]},"components-badge--success":{"type":"story","id":"components-badge--success","name":"Success","title":"Components/Badge","importPath":"./stories/Badge.stories.tsx","tags":["autodocs","story"]},"components-badge--danger":{"type":"story","id":"components-badge--danger","name":"Danger","title":"Components/Badge","importPath":"./stories/Badge.stories.tsx","tags":["autodocs","story"]},"components-badge--warning":{"type":"story","id":"components-badge--warning","name":"Warning","title":"Components/Badge","importPath":"./stories/Badge.stories.tsx","tags":["autodocs","story"]},"components-badge--info":{"type":"story","id":"components-badge--info","name":"Info","title":"Components/Badge","importPath":"./stories/Badge.stories.tsx","tags":["autodocs","story"]},"components-badge--rounded":{"type":"story","id":"components-badge--rounded","name":"Rounded","title":"Components/Badge","importPath":"./stories/Badge.stories.tsx","tags":["autodocs","story"]},"components-badge--sizes":{"type":"story","id":"components-badge--sizes","name":"Sizes","title":"Components/Badge","importPath":"./stories/Badge.stories.tsx","tags":["autodocs","story"]},"components-badge--with-icon":{"type":"story","id":"components-badge--with-icon","name":"With Icon","title":"Components/Badge","importPath":"./stories/Badge.stories.tsx","tags":["autodocs","story"]},"components-button--docs":{"id":"components-button--docs","title":"Components/Button","name":"Docs","importPath":"./stories/Button.stories.tsx","type":"docs","tags":["autodocs","docs"],"storiesImports":[]},"components-button--primary":{"type":"story","id":"components-button--primary","name":"Primary","title":"Components/Button","importPath":"./stories/Button.stories.tsx","tags":["autodocs","story"]},"components-button--secondary":{"type":"story","id":"components-button--secondary","name":"Secondary","title":"Components/Button","importPath":"./stories/Button.stories.tsx","tags":["autodocs","story"]},"components-button--outline":{"type":"story","id":"components-button--outline","name":"Outline","title":"Components/Button","importPath":"./stories/Button.stories.tsx","tags":["autodocs","story"]},"components-button--ghost":{"type":"story","id":"components-button--ghost","name":"Ghost","title":"Components/Button","importPath":"./stories/Button.stories.tsx","tags":["autodocs","story"]},"components-button--small":{"type":"story","id":"components-button--small","name":"Small","title":"Components/Button","importPath":"./stories/Button.stories.tsx","tags":["autodocs","story"]},"components-button--large":{"type":"story","id":"components-button--large","name":"Large","title":"Components/Button","importPath":"./stories/Button.stories.tsx","tags":["autodocs","story"]},"components-button--full-width":{"type":"story","id":"components-button--full-width","name":"Full Width","title":"Components/Button","importPath":"./stories/Button.stories.tsx","tags":["autodocs","story"]},"components-button--disabled":{"type":"story","id":"components-button--disabled","name":"Disabled","title":"Components/Button","importPath":"./stories/Button.stories.tsx","tags":["autodocs","story"]},"components-button--loading":{"type":"story","id":"components-button--loading","name":"Loading","title":"Components/Button","importPath":"./stories/Button.stories.tsx","tags":["autodocs","story"]},"components-card--docs":{"id":"components-card--docs","title":"Components/Card","name":"Docs","importPath":"./stories/Card.stories.tsx","type":"docs","tags":["autodocs","docs"],"storiesImports":[]},"components-card--default":{"type":"story","id":"components-card--default","name":"Default","title":"Components/Card","importPath":"./stories/Card.stories.tsx","tags":["autodocs","story"]},"components-card--with-footer":{"type":"story","id":"components-card--with-footer","name":"With Footer","title":"Components/Card","importPath":"./stories/Card.stories.tsx","tags":["autodocs","story"]},"components-card--no-title":{"type":"story","id":"components-card--no-title","name":"No Title","title":"Components/Card","importPath":"./stories/Card.stories.tsx","tags":["autodocs","story"]},"components-card--with-long-content":{"type":"story","id":"components-card--with-long-content","name":"With Long Content","title":"Components/Card","importPath":"./stories/Card.stories.tsx","tags":["autodocs","story"]},"components-card--different-shadows":{"type":"story","id":"components-card--different-shadows","name":"Different Shadows","title":"Components/Card","importPath":"./stories/Card.stories.tsx","tags":["autodocs","story"]},"components-input--docs":{"id":"components-input--docs","title":"Components/Input","name":"Docs","importPath":"./stories/Input.stories.tsx","type":"docs","tags":["autodocs","docs"],"storiesImports":[]},"components-input--default":{"type":"story","id":"components-input--default","name":"Default","title":"Components/Input","importPath":"./stories/Input.stories.tsx","tags":["autodocs","story"]},"components-input--with-label":{"type":"story","id":"components-input--with-label","name":"With Label","title":"Components/Input","importPath":"./stories/Input.stories.tsx","tags":["autodocs","story"]},"components-input--with-help-text":{"type":"story","id":"components-input--with-help-text","name":"With Help Text","title":"Components/Input","importPath":"./stories/Input.stories.tsx","tags":["autodocs","story"]},"components-input--with-error":{"type":"story","id":"components-input--with-error","name":"With Error","title":"Components/Input","importPath":"./stories/Input.stories.tsx","tags":["autodocs","story"]},"components-input--with-prefix":{"type":"story","id":"components-input--with-prefix","name":"With Prefix","title":"Components/Input","importPath":"./stories/Input.stories.tsx","tags":["autodocs","story"]},"components-input--with-suffix":{"type":"story","id":"components-input--with-suffix","name":"With Suffix","title":"Components/Input","importPath":"./stories/Input.stories.tsx","tags":["autodocs","story"]},"components-input--sizes":{"type":"story","id":"components-input--sizes","name":"Sizes","title":"Components/Input","importPath":"./stories/Input.stories.tsx","tags":["autodocs","story"]},"components-input--disabled":{"type":"story","id":"components-input--disabled","name":"Disabled","title":"Components/Input","importPath":"./stories/Input.stories.tsx","tags":["autodocs","story"]},"components-input--full-width":{"type":"story","id":"components-input--full-width","name":"Full Width","title":"Components/Input","importPath":"./stories/Input.stories.tsx","tags":["autodocs","story"]}}}
