{"v":3,"stories":{"components-badge--docs":{"id":"components-badge--docs","title":"Components/Badge","name":"Docs","importPath":"./stories/Badge.stories.tsx","tags":["autodocs","docs"],"storiesImports":[],"kind":"Components/Badge","story":"Docs","parameters":{"__id":"components-badge--docs","docsOnly":true,"fileName":"./stories/Badge.stories.tsx"}},"components-badge--primary":{"id":"components-badge--primary","name":"Primary","title":"Components/Badge","importPath":"./stories/Badge.stories.tsx","tags":["autodocs","story"],"kind":"Components/Badge","story":"Primary","parameters":{"__id":"components-badge--primary","docsOnly":false,"fileName":"./stories/Badge.stories.tsx"}},"components-badge--secondary":{"id":"components-badge--secondary","name":"Secondary","title":"Components/Badge","importPath":"./stories/Badge.stories.tsx","tags":["autodocs","story"],"kind":"Components/Badge","story":"Secondary","parameters":{"__id":"components-badge--secondary","docsOnly":false,"fileName":"./stories/Badge.stories.tsx"}},"components-badge--success":{"id":"components-badge--success","name":"Success","title":"Components/Badge","importPath":"./stories/Badge.stories.tsx","tags":["autodocs","story"],"kind":"Components/Badge","story":"Success","parameters":{"__id":"components-badge--success","docsOnly":false,"fileName":"./stories/Badge.stories.tsx"}},"components-badge--danger":{"id":"components-badge--danger","name":"Danger","title":"Components/Badge","importPath":"./stories/Badge.stories.tsx","tags":["autodocs","story"],"kind":"Components/Badge","story":"Danger","parameters":{"__id":"components-badge--danger","docsOnly":false,"fileName":"./stories/Badge.stories.tsx"}},"components-badge--warning":{"id":"components-badge--warning","name":"Warning","title":"Components/Badge","importPath":"./stories/Badge.stories.tsx","tags":["autodocs","story"],"kind":"Components/Badge","story":"Warning","parameters":{"__id":"components-badge--warning","docsOnly":false,"fileName":"./stories/Badge.stories.tsx"}},"components-badge--info":{"id":"components-badge--info","name":"Info","title":"Components/Badge","importPath":"./stories/Badge.stories.tsx","tags":["autodocs","story"],"kind":"Components/Badge","story":"Info","parameters":{"__id":"components-badge--info","docsOnly":false,"fileName":"./stories/Badge.stories.tsx"}},"components-badge--rounded":{"id":"components-badge--rounded","name":"Rounded","title":"Components/Badge","importPath":"./stories/Badge.stories.tsx","tags":["autodocs","story"],"kind":"Components/Badge","story":"Rounded","parameters":{"__id":"components-badge--rounded","docsOnly":false,"fileName":"./stories/Badge.stories.tsx"}},"components-badge--sizes":{"id":"components-badge--sizes","name":"Sizes","title":"Components/Badge","importPath":"./stories/Badge.stories.tsx","tags":["autodocs","story"],"kind":"Components/Badge","story":"Sizes","parameters":{"__id":"components-badge--sizes","docsOnly":false,"fileName":"./stories/Badge.stories.tsx"}},"components-badge--with-icon":{"id":"components-badge--with-icon","name":"With Icon","title":"Components/Badge","importPath":"./stories/Badge.stories.tsx","tags":["autodocs","story"],"kind":"Components/Badge","story":"With Icon","parameters":{"__id":"components-badge--with-icon","docsOnly":false,"fileName":"./stories/Badge.stories.tsx"}},"components-button--docs":{"id":"components-button--docs","title":"Components/Button","name":"Docs","importPath":"./stories/Button.stories.tsx","tags":["autodocs","docs"],"storiesImports":[],"kind":"Components/Button","story":"Docs","parameters":{"__id":"components-button--docs","docsOnly":true,"fileName":"./stories/Button.stories.tsx"}},"components-button--primary":{"id":"components-button--primary","name":"Primary","title":"Components/Button","importPath":"./stories/Button.stories.tsx","tags":["autodocs","story"],"kind":"Components/Button","story":"Primary","parameters":{"__id":"components-button--primary","docsOnly":false,"fileName":"./stories/Button.stories.tsx"}},"components-button--secondary":{"id":"components-button--secondary","name":"Secondary","title":"Components/Button","importPath":"./stories/Button.stories.tsx","tags":["autodocs","story"],"kind":"Components/Button","story":"Secondary","parameters":{"__id":"components-button--secondary","docsOnly":false,"fileName":"./stories/Button.stories.tsx"}},"components-button--outline":{"id":"components-button--outline","name":"Outline","title":"Components/Button","importPath":"./stories/Button.stories.tsx","tags":["autodocs","story"],"kind":"Components/Button","story":"Outline","parameters":{"__id":"components-button--outline","docsOnly":false,"fileName":"./stories/Button.stories.tsx"}},"components-button--ghost":{"id":"components-button--ghost","name":"Ghost","title":"Components/Button","importPath":"./stories/Button.stories.tsx","tags":["autodocs","story"],"kind":"Components/Button","story":"Ghost","parameters":{"__id":"components-button--ghost","docsOnly":false,"fileName":"./stories/Button.stories.tsx"}},"components-button--small":{"id":"components-button--small","name":"Small","title":"Components/Button","importPath":"./stories/Button.stories.tsx","tags":["autodocs","story"],"kind":"Components/Button","story":"Small","parameters":{"__id":"components-button--small","docsOnly":false,"fileName":"./stories/Button.stories.tsx"}},"components-button--large":{"id":"components-button--large","name":"Large","title":"Components/Button","importPath":"./stories/Button.stories.tsx","tags":["autodocs","story"],"kind":"Components/Button","story":"Large","parameters":{"__id":"components-button--large","docsOnly":false,"fileName":"./stories/Button.stories.tsx"}},"components-button--full-width":{"id":"components-button--full-width","name":"Full Width","title":"Components/Button","importPath":"./stories/Button.stories.tsx","tags":["autodocs","story"],"kind":"Components/Button","story":"Full Width","parameters":{"__id":"components-button--full-width","docsOnly":false,"fileName":"./stories/Button.stories.tsx"}},"components-button--disabled":{"id":"components-button--disabled","name":"Disabled","title":"Components/Button","importPath":"./stories/Button.stories.tsx","tags":["autodocs","story"],"kind":"Components/Button","story":"Disabled","parameters":{"__id":"components-button--disabled","docsOnly":false,"fileName":"./stories/Button.stories.tsx"}},"components-button--loading":{"id":"components-button--loading","name":"Loading","title":"Components/Button","importPath":"./stories/Button.stories.tsx","tags":["autodocs","story"],"kind":"Components/Button","story":"Loading","parameters":{"__id":"components-button--loading","docsOnly":false,"fileName":"./stories/Button.stories.tsx"}},"components-card--docs":{"id":"components-card--docs","title":"Components/Card","name":"Docs","importPath":"./stories/Card.stories.tsx","tags":["autodocs","docs"],"storiesImports":[],"kind":"Components/Card","story":"Docs","parameters":{"__id":"components-card--docs","docsOnly":true,"fileName":"./stories/Card.stories.tsx"}},"components-card--default":{"id":"components-card--default","name":"Default","title":"Components/Card","importPath":"./stories/Card.stories.tsx","tags":["autodocs","story"],"kind":"Components/Card","story":"Default","parameters":{"__id":"components-card--default","docsOnly":false,"fileName":"./stories/Card.stories.tsx"}},"components-card--with-footer":{"id":"components-card--with-footer","name":"With Footer","title":"Components/Card","importPath":"./stories/Card.stories.tsx","tags":["autodocs","story"],"kind":"Components/Card","story":"With Footer","parameters":{"__id":"components-card--with-footer","docsOnly":false,"fileName":"./stories/Card.stories.tsx"}},"components-card--no-title":{"id":"components-card--no-title","name":"No Title","title":"Components/Card","importPath":"./stories/Card.stories.tsx","tags":["autodocs","story"],"kind":"Components/Card","story":"No Title","parameters":{"__id":"components-card--no-title","docsOnly":false,"fileName":"./stories/Card.stories.tsx"}},"components-card--with-long-content":{"id":"components-card--with-long-content","name":"With Long Content","title":"Components/Card","importPath":"./stories/Card.stories.tsx","tags":["autodocs","story"],"kind":"Components/Card","story":"With Long Content","parameters":{"__id":"components-card--with-long-content","docsOnly":false,"fileName":"./stories/Card.stories.tsx"}},"components-card--different-shadows":{"id":"components-card--different-shadows","name":"Different Shadows","title":"Components/Card","importPath":"./stories/Card.stories.tsx","tags":["autodocs","story"],"kind":"Components/Card","story":"Different Shadows","parameters":{"__id":"components-card--different-shadows","docsOnly":false,"fileName":"./stories/Card.stories.tsx"}},"components-input--docs":{"id":"components-input--docs","title":"Components/Input","name":"Docs","importPath":"./stories/Input.stories.tsx","tags":["autodocs","docs"],"storiesImports":[],"kind":"Components/Input","story":"Docs","parameters":{"__id":"components-input--docs","docsOnly":true,"fileName":"./stories/Input.stories.tsx"}},"components-input--default":{"id":"components-input--default","name":"Default","title":"Components/Input","importPath":"./stories/Input.stories.tsx","tags":["autodocs","story"],"kind":"Components/Input","story":"Default","parameters":{"__id":"components-input--default","docsOnly":false,"fileName":"./stories/Input.stories.tsx"}},"components-input--with-label":{"id":"components-input--with-label","name":"With Label","title":"Components/Input","importPath":"./stories/Input.stories.tsx","tags":["autodocs","story"],"kind":"Components/Input","story":"With Label","parameters":{"__id":"components-input--with-label","docsOnly":false,"fileName":"./stories/Input.stories.tsx"}},"components-input--with-help-text":{"id":"components-input--with-help-text","name":"With Help Text","title":"Components/Input","importPath":"./stories/Input.stories.tsx","tags":["autodocs","story"],"kind":"Components/Input","story":"With Help Text","parameters":{"__id":"components-input--with-help-text","docsOnly":false,"fileName":"./stories/Input.stories.tsx"}},"components-input--with-error":{"id":"components-input--with-error","name":"With Error","title":"Components/Input","importPath":"./stories/Input.stories.tsx","tags":["autodocs","story"],"kind":"Components/Input","story":"With Error","parameters":{"__id":"components-input--with-error","docsOnly":false,"fileName":"./stories/Input.stories.tsx"}},"components-input--with-prefix":{"id":"components-input--with-prefix","name":"With Prefix","title":"Components/Input","importPath":"./stories/Input.stories.tsx","tags":["autodocs","story"],"kind":"Components/Input","story":"With Prefix","parameters":{"__id":"components-input--with-prefix","docsOnly":false,"fileName":"./stories/Input.stories.tsx"}},"components-input--with-suffix":{"id":"components-input--with-suffix","name":"With Suffix","title":"Components/Input","importPath":"./stories/Input.stories.tsx","tags":["autodocs","story"],"kind":"Components/Input","story":"With Suffix","parameters":{"__id":"components-input--with-suffix","docsOnly":false,"fileName":"./stories/Input.stories.tsx"}},"components-input--sizes":{"id":"components-input--sizes","name":"Sizes","title":"Components/Input","importPath":"./stories/Input.stories.tsx","tags":["autodocs","story"],"kind":"Components/Input","story":"Sizes","parameters":{"__id":"components-input--sizes","docsOnly":false,"fileName":"./stories/Input.stories.tsx"}},"components-input--disabled":{"id":"components-input--disabled","name":"Disabled","title":"Components/Input","importPath":"./stories/Input.stories.tsx","tags":["autodocs","story"],"kind":"Components/Input","story":"Disabled","parameters":{"__id":"components-input--disabled","docsOnly":false,"fileName":"./stories/Input.stories.tsx"}},"components-input--full-width":{"id":"components-input--full-width","name":"Full Width","title":"Components/Input","importPath":"./stories/Input.stories.tsx","tags":["autodocs","story"],"kind":"Components/Input","story":"Full Width","parameters":{"__id":"components-input--full-width","docsOnly":false,"fileName":"./stories/Input.stories.tsx"}}}}
